Workbook

Sheet 요약
B2: 사전상담·사후관리 실적(요약)
B4: 구분 | C4: 4월 | D4: 5월 | E4: 6월 | F4: 7월 | G4: 8월 | H4: 9월 | I4: 10월 | J4: 11월 | K4: 계
B5: 사전상담 | C5: ='4월'!$C$9 -> 0 | D5: ='5월'!$C$9 -> 1 | E5: ='6월'!$C$9 -> 4 | F5: ='7월'!$C$9 -> 0 | G5: ='8월'!$C$9 -> 0 | H5: ='9월'!$C$9 -> 0 | I5: ='10월'!$C$9 -> 0 | J5: ='11월'!$C$9 -> 0 | K5: =SUM(C5:J5) -> 5
B6: 사후관리 | C6: ='4월'!$C$10 -> 0 | D6: ='5월'!$C$10 -> 0 | E6: ='6월'!$C$10 -> 0 | F6: ='7월'!$C$10 -> 0 | G6: ='8월'!$C$10 -> 0 | H6: ='9월'!$C$10 -> 0 | I6: ='10월'!$C$10 -> 0 | J6: ='11월'!$C$10 -> 0 | K6: =SUM(C6:J6) -> 0
B7: 환자유치 | C7: ='4월'!$C$11 -> 0 | D7: ='5월'!$C$11 -> 0 | E7: ='6월'!$C$11 -> 0 | F7: ='7월'!$C$11 -> 0 | G7: ='8월'!$C$11 -> 0 | H7: ='9월'!$C$11 -> 0 | I7: ='10월'!$C$11 -> 0 | J7: ='11월'!$C$11 -> 0 | K7: =SUM(C7:J7) -> 0
B11: 국고보조금 사용실적(요약) | F11: 국고보조금액 | G11: 80000000
B12: 구분 | C12: 4월 | D12: 5월 | E12: 6월 | F12: 7월 | G12: 8월 | H12: 9월 | I12: 10월 | J12: 11월 | K12: 잔액
B13: 사용액 | C13: 0 | D13: 0 | E13: 0 | F13: ='7월'!$C$9 -> 0 | G13: ='8월'!$C$9 -> 0 | H13: ='9월'!$C$9 -> 0 | I13: ='10월'!$C$9 -> 0 | J13: ='11월'!$C$9 -> 0 | K13: =G11-C13-D13-E13-F13-G13-H13-I13-J13 -> 80000000

Sheet 사전사후관리 현황보고 양식_누적
B1: 외국인환자 유치의료기관 사전상담·사후관리 실적 보고(관리지침 91쪽 참고)
A2: 항목 | B2: 진료유형 | C2: 외국인환자 정보 | G2: 사전사후관리 내용 및 기간 | K2: 국내의료인 정보 | O2: 국외의료인 정보
C3: 환자등록번호(또는 성명) | D3: 출생연도 | E3: 성별 | F3: 국적명 | G3: 진료일자 (사전사후관리 실행) | H3: 진료과명 | I3: 주상병명 | J3: 사전사후관리 내용 | K3: 성명 | L3: 면허정보 | M3: 진료과목 | N3: 소속기관 | O3: 성명 | P3: 진료과목 | Q3: 국적 | R3: 소재지(거주지역) | S3: 소속기관
A4: 체크사항 | B4: 사전상담/ 사후관리 | C4: 최대13자리 (환자를 분류할 수 있는 임의의 번호 또는 코드) | D4: YYYY (숫자 4자리) | E4: 남/여 | F4: 한글 | G4: YYYY-MM-DD | H4: 안과 | I4: 라식&렌즈 삽입술 | J4: 강막혼탁으로 레이저 불가, 렌즈삽입술 예정(유효기간 20~30년), 2026년 8월 내원 예정 등 | K4: 홍길동 | L4: 1234567 | M4: 안과 | N4: 000병원 | O4: ABC | P4: 가정의학과 | Q4: 몽골 | R4: 울란바타르 | S4: 제1병원
A5: 실적입력 →

Sheet 4월
B2: 4월 주요 업무보고
B4: 일정 | C4: 4월 추진 실적 | D4: 5월 추진 계획(목표)
B5: 1주 | C5: ○ 사업계획서 보완 - 사업비 재편성 ○ 웹사이트 개발 - 기존 웹사이트(HEALO) 재설계 - 카자흐, 러시아어 적용 ○ 글로벌 외국인 환자 유치 에이전시 발굴 - MOU 계약서 초안 구성 - Medyvoyage 업체 미팅 | D5: ○ 착수계 준비 - 관련 서류 준비 ○ 웹사이트 개발 - 데이터 백업 이중화 - 검색 엔진 최적화(SEO) 적용 ○ 글로벌 외국인 환자 유치 에이전시 발굴 - Medyvoyage MOU 체결 - 에이전시 추가 발굴
B6: 2주 | C6: ○ 사업 착수 - 착수보고회 대비 사업계획서 수정 및 발표자료 준비 ○ 웹사이트 개발 - 홈페이지 UI/UX 개선 - 환자 문의 접수 페이지 개선 ○ 글로벌 외국인 환자 유치 에이전시 발굴 - 에이전시 리스트 리서치 및 적합성 분류 - MOU 계약서 완성 | D6: ○ 착수계 준비 - 관련 서류 제출 ○ 웹사이트 개발 - 원격 화상상담 실시간 자막 적용 - 환자 만족도 설문 시스템 적용 ○ 글로벌 외국인 환자 유치 에이전시 발굴 - MOU 에이전시에 등록된 외국인 환자 적합성 검토 - 에이전시별 환자 송출 프로세스 협의
B7: 3주 | C7: ○ 웹사이트 개발 - AI 챗봇 고도화 - 환자용 대시보드 설계 및 적용 ○ 글로벌 외국인 환자 유치 에이전시 발굴 - Global Health Opulence 업체 미팅 - The Medical Travel Company 업체 미팅 | D7: ○ 웹사이트 개발 - 성과 지표 추적 대시보드 구현 - 사후관리 지원 시스템 설계 ○ 글로벌 외국인 환자 유치 에이전시 발굴 - 카자흐 현지 의료기관 발굴 및 컨택 - 신규 에이전시 추가 미팅
B8: 4주 | C8: ○ 선급지금신청 및 협약 체결 - 관련 서류 준비 및 제출 완료 ○ 웹사이트 개발 - 원격 화상상담 설계 및 적용 - 시스템 보안 강화 ○ 글로벌 외국인 환자 유치 에이전시 발굴 - Medyonix 업체 미팅 - Global Healthcare Opulence MOU 체결 완료 - 카자흐스탄 국적 코디네이터 면접 진행 | D8: ○ 웹사이트 개발 - 카자흐, 러시아어 전수 검수 - 시범 운영 시작 ○ 글로벌 외국인 환자 유치 에이전시 발굴 - 카자흐 현지 의료기관 미팅 - 외국인 환자 케이스 사전 체크 및 유치 여부 검토
B9: 사전상담(건) | C9: 0 | D9: 5
B10: 사후관리(건) | C10: 0 | D10: 0
B11: 환자유치(건) | C11: 0 | D11: 0
B12: 기타 사항

Sheet 5월
B2: 5월 주요 업무보고
B4: 일정 | C4: 5월 추진 실적 | D4: 6월 추진 계획(목표)
B5: 1주 | C5: ○ 착수계 준비 - 관련 서류 준비 ○ 웹사이트 개발 - 데이터 백업 이중화 - 검색 엔진 최적화(SEO) 적용 ○ 글로벌 외국인 환자 유치 에이전시 발굴 - Medyvoyage MOU 체결 - 에이전시 추가 발굴 | D5: ○ 신규 인력 채용 - 아셀, 강주열 입사 ○ 웹사이트 개발 - 원격 화상상담 시스템 구현 - 실시간 번역/자막 적용 ○ 외국인 환자 유치 - 에티오피아 환자 신장이식 진행 여부 결정 - B2B 제안서(러시아어/카자흐어) 완성 및 발송
B6: 2주 | C6: ○ 착수계 준비 - 관련 서류 제출 ○ 웹사이트 개발 - 원격 화상상담 실시간 자막 적용 - 환자 만족도 설문 시스템 적용 ○ 글로벌 외국인 환자 유치 에이전시 발굴 - MOU 에이전시에 등록된 외국인 환자 적합성 검토 - 에이전시별 환자 송출 프로세스 협의 ○ 신규 브랜드 검토 - HEALO 상표권 이슈 확인, 신규 브랜드 필요성 검토 착수 | D6: ○ 웹사이트 개발 - 통합 문의 퍼널 오픈 ○ 외국인 환자 유치 - 카자흐 현지 에이전시/의료기관/보험사 컨택 및 미팅
B7: 3주 | C7: ○ 웹사이트 개발 - 암환자 컨시어지 중심 서비스 개편 - 회원관리 시스템 구축 - 환자 문의 폼 개선 ○ 글로벌 외국인 환자 유치 에이전시 발굴 - 카자흐 현지 의료기관 리스트 업 ○ 신규 브랜드 검토 - 네이밍 후보 200여 개·도메인 검증 진행 | D7: ○ 웹사이트 개발 - 원격협진 안내 페이지·준비 서류 가이드 제작 ○ 외국인 환자 유치 - 외국인 환자 온라인 미팅 진행 - 샘플 케이스 검토
B8: 4주 | C8: ○ 웹사이트 개발 - 카자흐, 러시아어 검수 및 보강 - 병원 페이지 SEO 최적화 및 실사진 적용 ○ 글로벌 외국인 환자 유치 에이전시 발굴 - 환자 송출 프로세스 정비 ○ 외국인 환자 유치 - 에티오피아 국적 신장이식 문의 접수 및 검토 | D8: ○ 신규 브랜드 검토 - 신규 브랜드 확정 및 상표 출원 준비 ○ 외국인 환자 유치 - 외국인 환자 유치 1건 진행 - 신규 에이전시/의료기관 추가 발굴
B9: 사전상담(건) | C9: 1 | D9: 10
B10: 사후관리(건) | C10: 0 | D10: 0
B11: 환자유치(건) | C11: 0 | D11: 1
B12: 기타 사항

Sheet 6월
B2: 6월 주요 업무보고
B4: 일정 | C4: 6월 추진 실적 | D4: 7월 추진 계획(목표)
B5: 1주 | C5: ○ 신규 인력 채용 - 아셀, 강주열 입사 ○ 웹사이트 개발 - 원격 화상상담 실시간 통역·자막 구현 및 품질 안정화 - 성과지표 추적 대시보드 구현 (유치 전환 현황, 기관별 집계) - 양·한방 협진 의뢰 워크플로우 구축 (협진 연계율 측정) ○ 글로벌 외국인 환자 유치 에이전시 발굴 - 에티오피아 환자 신장이식 케이스 검토 완료 — 치료 가능 회신 (환자 측 회신 대기) - B2B 제안서 완성 및 현지 에이전시 발송 (Medicaltour·MedicaTour 등) - 에이전시 전용 포털 구축 (환자 케이스 진행상황·보험정보 공유) | D5: ○ 웹사이트 개발 - 견적서·동의서·비자초청장 등 발급문서 다국어(러시아·카자흐어) 품질 정비 ○ 글로벌 외국인 환자 유치 에이전시 발굴 - 러시아 보험사 Madanes 협력·MOU 추진 (보험 안내 페이지·보험사 전용 계정 구축) ○ 외국인 환자 유치 - 키르키스스탄 환자 사전상담 및 치료 진행 여부 검토
B6: 2주 | C6: ○ 웹사이트 개발 - 통합 문의 퍼널 오픈 (AI 상담·메신저 상담·문의폼 단일 진입, 6개 언어) - 상담기록·협진의뢰서 증빙자료 내보내기 기능 구현 - 성과지표 집계 정확성 정비 및 집계오류 자동 감시 체계 적용 ○ 글로벌 외국인 환자 유치 에이전시 발굴 - 카자흐스탄 에이전시 MedOnco 협력 미팅(6/12) — 진행상태 추적·보험 연동 등 요구사항 확인, 플랫폼 반영 착수 - 해외 의료기관 치료경과 업로드 기능 구현 (현지 주치의 사후관리 연계) | D6: ○ 웹사이트 개발 - 검색 노출 최적화 (네이버·구글 검색 등록 점검) ○ 글로벌 외국인 환자 유치 에이전시 발굴 - CIS권 에이전시 계약·MOU 확대 — 키르기스스탄 Medex Travel(7/2 미팅, MOU·계약서 송부), 카자흐스탄 Big Tourism·All Hospitals(7/10 미팅)
B7: 3주 | C7: ○ 웹사이트 개발 - 시스템 보안 전수 점검 및 보완 (고위험 취약점 0건 확인) - 환자 만족도 설문 자동발송 체계 정비 - AI 상담 품질관리·안전장치 강화 (부정확한 표현 자동 차단, 6개 언어) ○ 신규 브랜드 런칭 - 신규 브랜드 'healwith' 확정, 도메인(healwith.co.kr) 등록 ○ 글로벌 외국인 환자 유치 에이전시 발굴 - 카자흐스탄 에이전시 Medicaltour 협력 온라인 미팅(6/16) — 종양 분야 공동 진입 제안자료 회신 - 카자흐스탄 UMIT 종양센터 1차 온라인 미팅(6/17) — 세컨드오피니언·수술 후 재활 연계·치료 가격표 협의 | D7: ○ 웹사이트 개발 - AI 상담 품질 상시 관측 강화 (정확도·응답시간 자동 채점) - 참여병원 4개 지점 외국인환자 유치의료기관 등록 반영·의료진 정보 갱신 ○ 마케팅·유입 확대 - 유료 마케팅 집행 개시 (러시아·CIS 타겟 광고) - 오가닉 검색 유입 확대 (구글·얀덱스 키워드 노출 점검·콘텐츠 보강)
B8: 4주 | C8: ○ 웹사이트 개발 - AI 상담 → 코디네이터 연결 동선 개선 (예시질문·연결버튼, 6개 언어) - 관리자 성과지표 통합 현황판 구축 (목표 대비 달성률 실시간 확인) ○ 신규 브랜드 런칭 - healwith.co.kr 정식 가동 — 전 서비스 신규 도메인 전환 완료 - 구글·얀덱스·네이버 검색엔진 등록 및 소유권 인증 (핵심 시장 러시아권 얀덱스 포함) - 공식 이메일 체계(@healwith.co.kr) 구축 ○ 글로벌 외국인 환자 유치 에이전시 발굴 - 러시아 에이전시 MedicaTour 협력 미팅(6/19) — MOU·계약 체결 희망, 계약서 초안 작성·송부 추진 ○ 외국인 환자 유치 - Medex Travel 에이전시 통해 키르키스스탄 간 이식 수술 문의 접수 | D8: ○ 마케팅·유입 확대 - 마케팅 집행 본격화 — 채널별 유입·문의 전환 측정 및 예산 조정 ○ 외국인 환자 유치 - 실환자 사전상담 → 유치 전환 개시 (에이전시·보험사·마케팅 경유 실환자 유입) ○ 중간평가 준비 - 8월 중간평가 대비 성과 정리 및 발표자료 준비 착수
B9: 사전상담(건) | C9: 4 | D9: 10
B10: 사후관리(건) | C10: 0 | D10: 0
B11: 환자유치(건) | C11: 0 | D11: 2
B12: 기타 사항

Sheet 7월
B2: 7월 주요 업무보고
B4: 일정 | C4: 7월 추진 실적 | D4: 8월 추진 계획(목표)
B5: 1주 | C5: ○ - * ○ - * | D5: ○ - * ○ - *
B6: 2주 | C6: ○ - * ○ - * | D6: ○ - * ○ - *
B7: 3주 | C7: ○ - * ○ - * | D7: ○ - * ○ - *
B8: 4주 | C8: ○ - * ○ - * | D8: ○ - * ○ - *
B9: 사전상담(건)
B10: 사후관리(건)
B11: 환자유치(건)
B12: 기타 사항

Sheet 8월
B2: 8월 주요 업무보고
B4: 일정 | C4: 8월 추진 실적 | D4: 9월 추진 계획(목표)
B5: 1주 | C5: ○ - * ○ - * | D5: ○ - * ○ - *
B6: 2주 | C6: ○ - * ○ - * | D6: ○ - * ○ - *
B7: 3주 | C7: ○ - * ○ - * | D7: ○ - * ○ - *
B8: 4주 | C8: ○ - * ○ - * | D8: ○ - * ○ - *
B9: 사전상담(건)
B10: 사후관리(건)
B11: 환자유치(건)
B12: 기타 사항

Sheet 9월
B2: 9월 주요 업무보고
B3: .
B4: 일정 | C4: 9월 추진 실적 | D4: 10월 추진 계획(목표)
B5: 1주 | C5: ○ - * ○ - * | D5: ○ - * ○ - *
B6: 2주 | C6: ○ - * ○ - * | D6: ○ - * ○ - *
B7: 3주 | C7: ○ - * ○ - * | D7: ○ - * ○ - *
B8: 4주 | C8: ○ - * ○ - * | D8: ○ - * ○ - *
B9: 사전상담(건)
B10: 사후관리(건)
B11: 환자유치(건)
B12: 기타 사항

Sheet 10월
B2: 10월 주요 업무보고
B3: .
B4: 일정 | C4: 10월 추진 실적 | D4: 11월 추진 계획(목표)
B5: 1주 | C5: ○ - * ○ - * | D5: ○ - * ○ - *
B6: 2주 | C6: ○ - * ○ - * | D6: ○ - * ○ - *
B7: 3주 | C7: ○ - * ○ - * | D7: ○ - * ○ - *
B8: 4주 | C8: ○ - * ○ - * | D8: ○ - * ○ - *
B9: 사전상담(건)
B10: 사후관리(건)
B11: 환자유치(건)
B12: 기타 사항

Sheet 11월
B2: 11월 주요 업무보고
B3: .
B4: 일정 | C4: 11월 추진 실적 | D4: 해당없음
B5: 1주 | C5: ○ - * ○ - * | D5: ○ - * ○ - *
B6: 2주 | C6: ○ - * ○ - * | D6: ○ - * ○ - *
B7: 3주 | C7: ○ - * ○ - * | D7: ○ - * ○ - *
B8: 4주 | C8: ○ - * ○ - * | D8: ○ - * ○ - *
B9: 사전상담(건)
B10: 사후관리(건)
B11: 환자유치(건)
B12: 기타 사항
